{"name":"yashwatsonchatworkspace","created":"2017-04-11T19:16:03.984Z","intents":[{"intent":"goodbye","created":"2017-04-11T19:19:13.401Z","updated":"2017-04-11T19:19:13.401Z","examples":[{"text":"bye","created":"2017-04-11T19:19:13.401Z","updated":"2017-04-11T19:19:13.401Z"},{"text":"farewell","created":"2017-04-11T19:19:13.401Z","updated":"2017-04-11T19:19:13.401Z"},{"text":"goodbye","created":"2017-04-11T19:19:13.401Z","updated":"2017-04-11T19:19:13.401Z"},{"text":"I'm done","created":"2017-04-11T19:19:13.401Z","updated":"2017-04-11T19:19:13.401Z"},{"text":"see you later","created":"2017-04-11T19:19:13.401Z","updated":"2017-04-11T19:19:13.401Z"}],"description":null},{"intent":"hello","created":"2017-04-11T19:18:18.496Z","updated":"2017-04-11T19:18:18.496Z","examples":[{"text":"good morning","created":"2017-04-11T19:18:18.496Z","updated":"2017-04-11T19:18:18.496Z"},{"text":"greetinhgs","created":"2017-04-11T19:18:18.496Z","updated":"2017-04-11T19:18:18.496Z"},{"text":"hello","created":"2017-04-11T19:18:18.496Z","updated":"2017-04-11T19:18:18.496Z"},{"text":"hi","created":"2017-04-11T19:18:18.496Z","updated":"2017-04-11T19:18:18.496Z"},{"text":"howdy","created":"2017-04-11T19:18:18.496Z","updated":"2017-04-11T19:18:18.496Z"}],"description":null}],"updated":"2017-04-11T19:26:42.613Z","entities":[],"language":"en","metadata":null,"description":"","dialog_nodes":[{"go_to":null,"output":null,"parent":null,"context":null,"created":"2017-04-11T19:21:21.841Z","updated":"2017-04-11T19:21:21.841Z","metadata":null,"conditions":"anything_else","description":null,"dialog_node":"node_2_1491938481672","previous_sibling":"node_5_1491938758700"},{"go_to":null,"output":{"text":{"values":["Good day to you!"],"selection_policy":"sequential"}},"parent":null,"context":null,"created":"2017-04-11T19:24:13.430Z","updated":"2017-04-11T19:26:21.157Z","metadata":null,"conditions":"#hello","description":null,"dialog_node":"node_4_1491938653132","previous_sibling":"node_3_1491938525277"},{"go_to":null,"output":{"text":{"values":["Ok! See you later"],"selection_policy":"sequential"}},"parent":null,"context":null,"created":"2017-04-11T19:25:58.858Z","updated":"2017-04-11T19:26:42.613Z","metadata":null,"conditions":"#goodbye","description":null,"dialog_node":"node_5_1491938758700","previous_sibling":"node_4_1491938653132"},{"go_to":null,"output":{"text":{"values":["Welcome to yash-watson chat app!"],"selection_policy":"sequential"}},"parent":null,"context":null,"created":"2017-04-11T19:21:07.080Z","updated":"2017-04-11T19:22:05.443Z","metadata":null,"conditions":"conversation_start","description":null,"dialog_node":"node_3_1491938525277","previous_sibling":null}],"workspace_id":"bb0c9418-9b3b-45b1-9b03-091d62460e88","counterexamples":[]}